name,coordinates.x,coordinates.y,realHero,hasToothpick,car.name,mood,impactSpeed,minutesOfWaiting,weaponType
BulkUser_1001,1,-900.0,true,false,BulkCar_1,SADNESS,161.0,2.0,HAMMER
BulkUser_1002,2,-899.5,false,false,BulkCar_2,RAGE,312.0,42.0,RIFLE
BulkUser_1003,3,-899.0,true,true,BulkCar_3,CALM,162.0,2.0,MACHINE_GUN
BulkUser_1004,4,-898.5,false,false,BulkCar_4,SADNESS,314.0,44.0,BAT
BulkUser_1005,5,-898.0,true,false,BulkCar_5,RAGE,163.0,2.0,HAMMER
BulkUser_1006,6,-897.5,false,true,BulkCar_6,CALM,316.0,46.0,RIFLE
BulkUser_1007,7,-897.0,true,false,BulkCar_7,SADNESS,164.0,2.0,MACHINE_GUN
BulkUser_1008,8,-896.5,false,false,BulkCar_8,RAGE,318.0,48.0,BAT
BulkUser_1009,9,-896.0,true,true,BulkCar_9,CALM,165.0,2.0,HAMMER
BulkUser_1010,10,-895.5,false,false,BulkCar_10,SADNESS,320.0,50.0,RIFLE
BulkUser_1011,11,-895.0,true,false,BulkCar_11,RAGE,166.0,2.0,MACHINE_GUN
BulkUser_1012,12,-894.5,false,true,BulkCar_12,CALM,322.0,52.0,BAT
BulkUser_1013,13,-894.0,true,false,BulkCar_13,SADNESS,167.0,2.0,HAMMER
BulkUser_1014,14,-893.5,false,false,BulkCar_14,RAGE,324.0,54.0,RIFLE
BulkUser_1015,15,-893.0,true,true,BulkCar_15,CALM,168.0,2.0,MACHINE_GUN
BulkUser_1016,16,-892.5,false,false,BulkCar_16,SADNESS,326.0,56.0,BAT
BulkUser_1017,17,-892.0,true,false,BulkCar_17,RAGE,169.0,2.0,HAMMER
BulkUser_1018,18,-891.5,false,true,BulkCar_18,CALM,328.0,58.0,RIFLE
BulkUser_1019,19,-891.0,true,false,BulkCar_19,SADNESS,170.0,2.0,MACHINE_GUN
BulkUser_1020,20,-890.5,false,false,BulkCar_20,RAGE,330.0,60.0,BAT
BulkUser_1021,21,-890.0,true,true,BulkCar_1,CALM,171.0,2.0,HAMMER
BulkUser_1022,22,-889.5,false,false,BulkCar_2,SADNESS,332.0,62.0,RIFLE
BulkUser_1023,23,-889.0,true,false,BulkCar_3,RAGE,172.0,2.0,MACHINE_GUN
BulkUser_1024,24,-888.5,false,true,BulkCar_4,CALM,334.0,64.0,BAT
BulkUser_1025,25,-888.0,true,false,BulkCar_5,SADNESS,173.0,2.0,HAMMER
BulkUser_1026,26,-887.5,false,false,BulkCar_6,RAGE,336.0,66.0,RIFLE
BulkUser_1027,27,-887.0,true,true,BulkCar_7,CALM,174.0,2.0,MACHINE_GUN
BulkUser_1028,28,-886.5,false,false,BulkCar_8,SADNESS,338.0,68.0,BAT
BulkUser_1029,29,-886.0,true,false,BulkCar_9,RAGE,175.0,2.0,HAMMER
BulkUser_1030,30,-885.5,false,true,BulkCar_10,CALM,340.0,70.0,RIFLE
BulkUser_1031,31,-885.0,true,false,BulkCar_11,SADNESS,176.0,2.0,MACHINE_GUN
BulkUser_1032,32,-884.5,false,false,BulkCar_12,RAGE,342.0,72.0,BAT
BulkUser_1033,33,-884.0,true,true,BulkCar_13,CALM,177.0,2.0,HAMMER
BulkUser_1034,34,-883.5,false,false,BulkCar_14,SADNESS,344.0,74.0,RIFLE
BulkUser_1035,35,-883.0,true,false,BulkCar_15,RAGE,178.0,2.0,MACHINE_GUN
BulkUser_1036,36,-882.5,false,true,BulkCar_16,CALM,1.0,76.0,BAT
BulkUser_1037,37,-882.0,true,false,BulkCar_17,SADNESS,179.0,2.0,HAMMER
BulkUser_1038,38,-881.5,false,false,BulkCar_18,RAGE,3.0,78.0,RIFLE
BulkUser_1039,39,-881.0,true,true,BulkCar_19,CALM,180.0,2.0,MACHINE_GUN
BulkUser_1040,40,-880.5,false,false,BulkCar_20,SADNESS,5.0,80.0,BAT
BulkUser_1041,41,-880.0,true,false,BulkCar_1,RAGE,181.0,2.0,HAMMER
BulkUser_1042,42,-879.5,false,true,BulkCar_2,CALM,7.0,82.0,RIFLE
BulkUser_1043,43,-879.0,true,false,BulkCar_3,SADNESS,182.0,2.0,MACHINE_GUN
BulkUser_1044,44,-878.5,false,false,BulkCar_4,RAGE,9.0,84.0,BAT
BulkUser_1045,45,-878.0,true,true,BulkCar_5,CALM,183.0,2.0,HAMMER
BulkUser_1046,46,-877.5,false,false,BulkCar_6,SADNESS,11.0,86.0,RIFLE
BulkUser_1047,47,-877.0,true,false,BulkCar_7,RAGE,184.0,2.0,MACHINE_GUN
BulkUser_1048,48,-876.5,false,true,BulkCar_8,CALM,13.0,88.0,BAT
BulkUser_1049,49,-876.0,true,false,BulkCar_9,SADNESS,185.0,2.0,HAMMER
BulkUser_1050,50,-875.5,false,false,BulkCar_10,RAGE,15.0,90.0,RIFLE
BulkUser_1051,51,-900.0,true,true,BulkCar_11,CALM,186.0,2.0,MACHINE_GUN
BulkUser_1052,52,-899.5,false,false,BulkCar_12,SADNESS,17.0,92.0,BAT
BulkUser_1053,53,-899.0,true,false,BulkCar_13,RAGE,187.0,2.0,HAMMER
BulkUser_1054,54,-898.5,false,true,BulkCar_14,CALM,19.0,94.0,RIFLE
BulkUser_1055,55,-898.0,true,false,BulkCar_15,SADNESS,188.0,2.0,MACHINE_GUN
BulkUser_1056,56,-897.5,false,false,BulkCar_16,RAGE,21.0,96.0,BAT
BulkUser_1057,57,-897.0,true,true,BulkCar_17,CALM,189.0,2.0,HAMMER
BulkUser_1058,58,-896.5,false,false,BulkCar_18,SADNESS,23.0,98.0,RIFLE
BulkUser_1059,59,-896.0,true,false,BulkCar_19,RAGE,190.0,2.0,MACHINE_GUN
BulkUser_1060,60,-895.5,false,true,BulkCar_20,CALM,25.0,100.0,BAT
BulkUser_1061,61,-895.0,true,false,BulkCar_1,SADNESS,191.0,2.0,HAMMER
BulkUser_1062,62,-894.5,false,false,BulkCar_2,RAGE,27.0,102.0,RIFLE
BulkUser_1063,63,-894.0,true,true,BulkCar_3,CALM,192.0,2.0,MACHINE_GUN
BulkUser_1064,64,-893.5,false,false,BulkCar_4,SADNESS,29.0,104.0,BAT
BulkUser_1065,65,-893.0,true,false,BulkCar_5,RAGE,193.0,2.0,HAMMER
BulkUser_1066,66,-892.5,false,true,BulkCar_6,CALM,31.0,106.0,RIFLE
BulkUser_1067,67,-892.0,true,false,BulkCar_7,SADNESS,194.0,2.0,MACHINE_GUN
BulkUser_1068,68,-891.5,false,false,BulkCar_8,RAGE,33.0,108.0,BAT
BulkUser_1069,69,-891.0,true,true,BulkCar_9,CALM,195.0,2.0,HAMMER
BulkUser_1070,70,-890.5,false,false,BulkCar_10,SADNESS,35.0,110.0,RIFLE
BulkUser_1071,71,-890.0,true,false,BulkCar_11,RAGE,196.0,2.0,MACHINE_GUN
BulkUser_1072,72,-889.5,false,true,BulkCar_12,CALM,37.0,112.0,BAT
BulkUser_1073,73,-889.0,true,false,BulkCar_13,SADNESS,197.0,2.0,HAMMER
BulkUser_1074,74,-888.5,false,false,BulkCar_14,RAGE,39.0,114.0,RIFLE
BulkUser_1075,75,-888.0,true,true,BulkCar_15,CALM,198.0,2.0,MACHINE_GUN
BulkUser_1076,76,-887.5,false,false,BulkCar_16,SADNESS,41.0,116.0,BAT
BulkUser_1077,77,-887.0,true,false,BulkCar_17,RAGE,199.0,2.0,HAMMER
BulkUser_1078,78,-886.5,false,true,BulkCar_18,CALM,43.0,118.0,RIFLE
BulkUser_1079,79,-886.0,true,false,BulkCar_19,SADNESS,200.0,2.0,MACHINE_GUN
BulkUser_1080,80,-885.5,false,false,BulkCar_20,RAGE,45.0,120.0,BAT
BulkUser_1081,81,-885.0,true,true,BulkCar_1,CALM,201.0,2.0,HAMMER
BulkUser_1082,82,-884.5,false,false,BulkCar_2,SADNESS,47.0,2.0,RIFLE
BulkUser_1083,83,-884.0,true,false,BulkCar_3,RAGE,202.0,2.0,MACHINE_GUN
BulkUser_1084,84,-883.5,false,true,BulkCar_4,CALM,49.0,4.0,BAT
BulkUser_1085,85,-883.0,true,false,BulkCar_5,SADNESS,203.0,2.0,HAMMER
BulkUser_1086,86,-882.5,false,false,BulkCar_6,RAGE,51.0,6.0,RIFLE
BulkUser_1087,87,-882.0,true,true,BulkCar_7,CALM,204.0,2.0,MACHINE_GUN
BulkUser_1088,88,-881.5,false,false,BulkCar_8,SADNESS,53.0,8.0,BAT
BulkUser_1089,89,-881.0,true,false,BulkCar_9,RAGE,205.0,2.0,HAMMER
BulkUser_1090,90,-880.5,false,true,BulkCar_10,CALM,55.0,10.0,RIFLE
BulkUser_1091,91,-880.0,true,false,BulkCar_11,SADNESS,206.0,2.0,MACHINE_GUN
BulkUser_1092,92,-879.5,false,false,BulkCar_12,RAGE,57.0,12.0,BAT
BulkUser_1093,93,-879.0,true,true,BulkCar_13,CALM,207.0,2.0,HAMMER
BulkUser_1094,94,-878.5,false,false,BulkCar_14,SADNESS,59.0,14.0,RIFLE
BulkUser_1095,95,-878.0,true,false,BulkCar_15,RAGE,208.0,2.0,MACHINE_GUN
BulkUser_1096,96,-877.5,false,true,BulkCar_16,CALM,61.0,16.0,BAT
BulkUser_1097,97,-877.0,true,false,BulkCar_17,SADNESS,209.0,2.0,HAMMER
BulkUser_1098,98,-876.5,false,false,BulkCar_18,RAGE,63.0,18.0,RIFLE
BulkUser_1099,99,-876.0,true,true,BulkCar_19,CALM,210.0,2.0,MACHINE_GUN
BulkUser_1100,100,-875.5,false,false,BulkCar_20,SADNESS,65.0,20.0,BAT
BulkUser_1101,1,-900.0,true,false,BulkCar_1,RAGE,211.0,2.0,HAMMER
BulkUser_1102,2,-899.5,false,true,BulkCar_2,CALM,67.0,22.0,RIFLE
BulkUser_1103,3,-899.0,true,false,BulkCar_3,SADNESS,212.0,2.0,MACHINE_GUN
BulkUser_1104,4,-898.5,false,false,BulkCar_4,RAGE,69.0,24.0,BAT
BulkUser_1105,5,-898.0,true,true,BulkCar_5,CALM,213.0,2.0,HAMMER
BulkUser_1106,6,-897.5,false,false,BulkCar_6,SADNESS,71.0,26.0,RIFLE
BulkUser_1107,7,-897.0,true,false,BulkCar_7,RAGE,214.0,2.0,MACHINE_GUN
BulkUser_1108,8,-896.5,false,true,BulkCar_8,CALM,73.0,28.0,BAT
BulkUser_1109,9,-896.0,true,false,BulkCar_9,SADNESS,215.0,2.0,HAMMER
BulkUser_1110,10,-895.5,false,false,BulkCar_10,RAGE,75.0,30.0,RIFLE
BulkUser_1111,11,-895.0,true,true,BulkCar_11,CALM,216.0,2.0,MACHINE_GUN
BulkUser_1112,12,-894.5,false,false,BulkCar_12,SADNESS,77.0,32.0,BAT
BulkUser_1113,13,-894.0,true,false,BulkCar_13,RAGE,217.0,2.0,HAMMER
BulkUser_1114,14,-893.5,false,true,BulkCar_14,CALM,79.0,34.0,RIFLE
BulkUser_1115,15,-893.0,true,false,BulkCar_15,SADNESS,218.0,2.0,MACHINE_GUN
BulkUser_1116,16,-892.5,false,false,BulkCar_16,RAGE,81.0,36.0,BAT
BulkUser_1117,17,-892.0,true,true,BulkCar_17,CALM,219.0,2.0,HAMMER
BulkUser_1118,18,-891.5,false,false,BulkCar_18,SADNESS,83.0,38.0,RIFLE
BulkUser_1119,19,-891.0,true,false,BulkCar_19,RAGE,220.0,2.0,MACHINE_GUN
BulkUser_1120,20,-890.5,false,true,BulkCar_20,CALM,85.0,40.0,BAT
BulkUser_1121,21,-890.0,true,false,BulkCar_1,SADNESS,221.0,2.0,HAMMER
BulkUser_1122,22,-889.5,false,false,BulkCar_2,RAGE,87.0,42.0,RIFLE
BulkUser_1123,23,-889.0,true,true,BulkCar_3,CALM,222.0,2.0,MACHINE_GUN
BulkUser_1124,24,-888.5,false,false,BulkCar_4,SADNESS,89.0,44.0,BAT
BulkUser_1125,25,-888.0,true,false,BulkCar_5,RAGE,223.0,2.0,HAMMER
BulkUser_1126,26,-887.5,false,true,BulkCar_6,CALM,91.0,46.0,RIFLE
BulkUser_1127,27,-887.0,true,false,BulkCar_7,SADNESS,224.0,2.0,MACHINE_GUN
BulkUser_1128,28,-886.5,false,false,BulkCar_8,RAGE,93.0,48.0,BAT
BulkUser_1129,29,-886.0,true,true,BulkCar_9,CALM,225.0,2.0,HAMMER
BulkUser_1130,30,-885.5,false,false,BulkCar_10,SADNESS,95.0,50.0,RIFLE
BulkUser_1131,31,-885.0,true,false,BulkCar_11,RAGE,226.0,2.0,MACHINE_GUN
BulkUser_1132,32,-884.5,false,true,BulkCar_12,CALM,97.0,52.0,BAT
BulkUser_1133,33,-884.0,true,false,BulkCar_13,SADNESS,227.0,2.0,HAMMER
BulkUser_1134,34,-883.5,false,false,BulkCar_14,RAGE,99.0,54.0,RIFLE
BulkUser_1135,35,-883.0,true,true,BulkCar_15,CALM,228.0,2.0,MACHINE_GUN
BulkUser_1136,36,-882.5,false,false,BulkCar_16,SADNESS,101.0,56.0,BAT
BulkUser_1137,37,-882.0,true,false,BulkCar_17,RAGE,229.0,2.0,HAMMER
BulkUser_1138,38,-881.5,false,true,BulkCar_18,CALM,103.0,58.0,RIFLE
BulkUser_1139,39,-881.0,true,false,BulkCar_19,SADNESS,230.0,2.0,MACHINE_GUN
BulkUser_1140,40,-880.5,false,false,BulkCar_20,RAGE,105.0,60.0,BAT
BulkUser_1141,41,-880.0,true,true,BulkCar_1,CALM,231.0,2.0,HAMMER
BulkUser_1142,42,-879.5,false,false,BulkCar_2,SADNESS,107.0,62.0,RIFLE
BulkUser_1143,43,-879.0,true,false,BulkCar_3,RAGE,232.0,2.0,MACHINE_GUN
BulkUser_1144,44,-878.5,false,true,BulkCar_4,CALM,109.0,64.0,BAT
BulkUser_1145,45,-878.0,true,false,BulkCar_5,SADNESS,233.0,2.0,HAMMER
BulkUser_1146,46,-877.5,false,false,BulkCar_6,RAGE,111.0,66.0,RIFLE
BulkUser_1147,47,-877.0,true,true,BulkCar_7,CALM,234.0,2.0,MACHINE_GUN
BulkUser_1148,48,-876.5,false,false,BulkCar_8,SADNESS,113.0,68.0,BAT
BulkUser_1149,49,-876.0,true,false,BulkCar_9,RAGE,235.0,2.0,HAMMER
BulkUser_1150,50,-875.5,false,true,BulkCar_10,CALM,115.0,70.0,RIFLE
BulkUser_1151,51,-900.0,true,false,BulkCar_11,SADNESS,236.0,2.0,MACHINE_GUN
BulkUser_1152,52,-899.5,false,false,BulkCar_12,RAGE,117.0,72.0,BAT
BulkUser_1153,53,-899.0,true,true,BulkCar_13,CALM,237.0,2.0,HAMMER
BulkUser_1154,54,-898.5,false,false,BulkCar_14,SADNESS,119.0,74.0,RIFLE
BulkUser_1155,55,-898.0,true,false,BulkCar_15,RAGE,238.0,2.0,MACHINE_GUN
BulkUser_1156,56,-897.5,false,true,BulkCar_16,CALM,121.0,76.0,BAT
BulkUser_1157,57,-897.0,true,false,BulkCar_17,SADNESS,239.0,2.0,HAMMER
BulkUser_1158,58,-896.5,false,false,BulkCar_18,RAGE,123.0,78.0,RIFLE
BulkUser_1159,59,-896.0,true,true,BulkCar_19,CALM,240.0,2.0,MACHINE_GUN
BulkUser_1160,60,-895.5,false,false,BulkCar_20,SADNESS,125.0,80.0,BAT
BulkUser_1161,61,-895.0,true,false,BulkCar_1,RAGE,241.0,2.0,HAMMER
BulkUser_1162,62,-894.5,false,true,BulkCar_2,CALM,127.0,82.0,RIFLE
BulkUser_1163,63,-894.0,true,false,BulkCar_3,SADNESS,242.0,2.0,MACHINE_GUN
BulkUser_1164,64,-893.5,false,false,BulkCar_4,RAGE,129.0,84.0,BAT
BulkUser_1165,65,-893.0,true,true,BulkCar_5,CALM,243.0,2.0,HAMMER
BulkUser_1166,66,-892.5,false,false,BulkCar_6,SADNESS,131.0,86.0,RIFLE
BulkUser_1167,67,-892.0,true,false,BulkCar_7,RAGE,244.0,2.0,MACHINE_GUN
BulkUser_1168,68,-891.5,false,true,BulkCar_8,CALM,133.0,88.0,BAT
BulkUser_1169,69,-891.0,true,false,BulkCar_9,SADNESS,245.0,2.0,HAMMER
BulkUser_1170,70,-890.5,false,false,BulkCar_10,RAGE,135.0,90.0,RIFLE
BulkUser_1171,71,-890.0,true,true,BulkCar_11,CALM,246.0,2.0,MACHINE_GUN
BulkUser_1172,72,-889.5,false,false,BulkCar_12,SADNESS,137.0,92.0,BAT
BulkUser_1173,73,-889.0,true,false,BulkCar_13,RAGE,247.0,2.0,HAMMER
BulkUser_1174,74,-888.5,false,true,BulkCar_14,CALM,139.0,94.0,RIFLE
BulkUser_1175,75,-888.0,true,false,BulkCar_15,SADNESS,248.0,2.0,MACHINE_GUN
BulkUser_1176,76,-887.5,false,false,BulkCar_16,RAGE,141.0,96.0,BAT
BulkUser_1177,77,-887.0,true,true,BulkCar_17,CALM,249.0,2.0,HAMMER
BulkUser_1178,78,-886.5,false,false,BulkCar_18,SADNESS,143.0,98.0,RIFLE
BulkUser_1179,79,-886.0,true,false,BulkCar_19,RAGE,250.0,2.0,MACHINE_GUN
BulkUser_1180,80,-885.5,false,true,BulkCar_20,CALM,145.0,100.0,BAT
BulkUser_1181,81,-885.0,true,false,BulkCar_1,SADNESS,251.0,2.0,HAMMER
BulkUser_1182,82,-884.5,false,false,BulkCar_2,RAGE,147.0,102.0,RIFLE
BulkUser_1183,83,-884.0,true,true,BulkCar_3,CALM,252.0,2.0,MACHINE_GUN
BulkUser_1184,84,-883.5,false,false,BulkCar_4,SADNESS,149.0,104.0,BAT
BulkUser_1185,85,-883.0,true,false,BulkCar_5,RAGE,253.0,2.0,HAMMER
BulkUser_1186,86,-882.5,false,true,BulkCar_6,CALM,151.0,106.0,RIFLE
BulkUser_1187,87,-882.0,true,false,BulkCar_7,SADNESS,254.0,2.0,MACHINE_GUN
BulkUser_1188,88,-881.5,false,false,BulkCar_8,RAGE,153.0,108.0,BAT
BulkUser_1189,89,-881.0,true,true,BulkCar_9,CALM,255.0,2.0,HAMMER
BulkUser_1190,90,-880.5,false,false,BulkCar_10,SADNESS,155.0,110.0,RIFLE
BulkUser_1191,91,-880.0,true,false,BulkCar_11,RAGE,256.0,2.0,MACHINE_GUN
BulkUser_1192,92,-879.5,false,true,BulkCar_12,CALM,157.0,112.0,BAT
BulkUser_1193,93,-879.0,true,false,BulkCar_13,SADNESS,257.0,2.0,HAMMER
BulkUser_1194,94,-878.5,false,false,BulkCar_14,RAGE,159.0,114.0,RIFLE
BulkUser_1195,95,-878.0,true,true,BulkCar_15,CALM,258.0,2.0,MACHINE_GUN
BulkUser_1196,96,-877.5,false,false,BulkCar_16,SADNESS,161.0,116.0,BAT
BulkUser_1197,97,-877.0,true,false,BulkCar_17,RAGE,259.0,2.0,HAMMER
BulkUser_1198,98,-876.5,false,true,BulkCar_18,CALM,163.0,118.0,RIFLE
BulkUser_1199,99,-876.0,true,false,BulkCar_19,SADNESS,260.0,2.0,MACHINE_GUN
BulkUser_1200,100,-875.5,false,false,BulkCar_20,RAGE,165.0,120.0,BAT
BulkUser_1201,1,-900.0,true,true,BulkCar_1,CALM,261.0,2.0,HAMMER
BulkUser_1202,2,-899.5,false,false,BulkCar_2,SADNESS,167.0,2.0,RIFLE
BulkUser_1203,3,-899.0,true,false,BulkCar_3,RAGE,262.0,2.0,MACHINE_GUN
BulkUser_1204,4,-898.5,false,true,BulkCar_4,CALM,169.0,4.0,BAT
BulkUser_1205,5,-898.0,true,false,BulkCar_5,SADNESS,263.0,2.0,HAMMER
BulkUser_1206,6,-897.5,false,false,BulkCar_6,RAGE,171.0,6.0,RIFLE
BulkUser_1207,7,-897.0,true,true,BulkCar_7,CALM,264.0,2.0,MACHINE_GUN
BulkUser_1208,8,-896.5,false,false,BulkCar_8,SADNESS,173.0,8.0,BAT
BulkUser_1209,9,-896.0,true,false,BulkCar_9,RAGE,265.0,2.0,HAMMER
BulkUser_1210,10,-895.5,false,true,BulkCar_10,CALM,175.0,10.0,RIFLE
BulkUser_1211,11,-895.0,true,false,BulkCar_11,SADNESS,266.0,2.0,MACHINE_GUN
BulkUser_1212,12,-894.5,false,false,BulkCar_12,RAGE,177.0,12.0,BAT
BulkUser_1213,13,-894.0,true,true,BulkCar_13,CALM,267.0,2.0,HAMMER
BulkUser_1214,14,-893.5,false,false,BulkCar_14,SADNESS,179.0,14.0,RIFLE
BulkUser_1215,15,-893.0,true,false,BulkCar_15,RAGE,268.0,2.0,MACHINE_GUN
BulkUser_1216,16,-892.5,false,true,BulkCar_16,CALM,181.0,16.0,BAT
BulkUser_1217,17,-892.0,true,false,BulkCar_17,SADNESS,269.0,2.0,HAMMER
BulkUser_1218,18,-891.5,false,false,BulkCar_18,RAGE,183.0,18.0,RIFLE
BulkUser_1219,19,-891.0,true,true,BulkCar_19,CALM,270.0,2.0,MACHINE_GUN
BulkUser_1220,20,-890.5,false,false,BulkCar_20,SADNESS,185.0,20.0,BAT
BulkUser_1221,21,-890.0,true,false,BulkCar_1,RAGE,271.0,2.0,HAMMER
BulkUser_1222,22,-889.5,false,true,BulkCar_2,CALM,187.0,22.0,RIFLE
BulkUser_1223,23,-889.0,true,false,BulkCar_3,SADNESS,272.0,2.0,MACHINE_GUN
BulkUser_1224,24,-888.5,false,false,BulkCar_4,RAGE,189.0,24.0,BAT
BulkUser_1225,25,-888.0,true,true,BulkCar_5,CALM,273.0,2.0,HAMMER
BulkUser_1226,26,-887.5,false,false,BulkCar_6,SADNESS,191.0,26.0,RIFLE
BulkUser_1227,27,-887.0,true,false,BulkCar_7,RAGE,274.0,2.0,MACHINE_GUN
BulkUser_1228,28,-886.5,false,true,BulkCar_8,CALM,193.0,28.0,BAT
BulkUser_1229,29,-886.0,true,false,BulkCar_9,SADNESS,275.0,2.0,HAMMER
BulkUser_1230,30,-885.5,false,false,BulkCar_10,RAGE,195.0,30.0,RIFLE
BulkUser_1231,31,-885.0,true,true,BulkCar_11,CALM,276.0,2.0,MACHINE_GUN
BulkUser_1232,32,-884.5,false,false,BulkCar_12,SADNESS,197.0,32.0,BAT
BulkUser_1233,33,-884.0,true,false,BulkCar_13,RAGE,277.0,2.0,HAMMER
BulkUser_1234,34,-883.5,false,true,BulkCar_14,CALM,199.0,34.0,RIFLE
BulkUser_1235,35,-883.0,true,false,BulkCar_15,SADNESS,278.0,2.0,MACHINE_GUN
BulkUser_1236,36,-882.5,false,false,BulkCar_16,RAGE,201.0,36.0,BAT
BulkUser_1237,37,-882.0,true,true,BulkCar_17,CALM,279.0,2.0,HAMMER
BulkUser_1238,38,-881.5,false,false,BulkCar_18,SADNESS,203.0,38.0,RIFLE
BulkUser_1239,39,-881.0,true,false,BulkCar_19,RAGE,280.0,2.0,MACHINE_GUN
BulkUser_1240,40,-880.5,false,true,BulkCar_20,CALM,205.0,40.0,BAT
BulkUser_1241,41,-880.0,true,false,BulkCar_1,SADNESS,281.0,2.0,HAMMER
BulkUser_1242,42,-879.5,false,false,BulkCar_2,RAGE,207.0,42.0,RIFLE
BulkUser_1243,43,-879.0,true,true,BulkCar_3,CALM,282.0,2.0,MACHINE_GUN
BulkUser_1244,44,-878.5,false,false,BulkCar_4,SADNESS,209.0,44.0,BAT
BulkUser_1245,45,-878.0,true,false,BulkCar_5,RAGE,283.0,2.0,HAMMER
BulkUser_1246,46,-877.5,false,true,BulkCar_6,CALM,211.0,46.0,RIFLE
BulkUser_1247,47,-877.0,true,false,BulkCar_7,SADNESS,284.0,2.0,MACHINE_GUN
BulkUser_1248,48,-876.5,false,false,BulkCar_8,RAGE,213.0,48.0,BAT
BulkUser_1249,49,-876.0,true,true,BulkCar_9,CALM,285.0,2.0,HAMMER
BulkUser_1250,50,-875.5,false,false,BulkCar_10,SADNESS,215.0,50.0,RIFLE
BulkUser_1251,51,-900.0,true,false,BulkCar_11,RAGE,286.0,2.0,MACHINE_GUN
BulkUser_1252,52,-899.5,false,true,BulkCar_12,CALM,217.0,52.0,BAT
BulkUser_1253,53,-899.0,true,false,BulkCar_13,SADNESS,287.0,2.0,HAMMER
BulkUser_1254,54,-898.5,false,false,BulkCar_14,RAGE,219.0,54.0,RIFLE
BulkUser_1255,55,-898.0,true,true,BulkCar_15,CALM,288.0,2.0,MACHINE_GUN
BulkUser_1256,56,-897.5,false,false,BulkCar_16,SADNESS,221.0,56.0,BAT
BulkUser_1257,57,-897.0,true,false,BulkCar_17,RAGE,289.0,2.0,HAMMER
BulkUser_1258,58,-896.5,false,true,BulkCar_18,CALM,223.0,58.0,RIFLE
BulkUser_1259,59,-896.0,true,false,BulkCar_19,SADNESS,290.0,2.0,MACHINE_GUN
BulkUser_1260,60,-895.5,false,false,BulkCar_20,RAGE,225.0,60.0,BAT
BulkUser_1261,61,-895.0,true,true,BulkCar_1,CALM,291.0,2.0,HAMMER
BulkUser_1262,62,-894.5,false,false,BulkCar_2,SADNESS,227.0,62.0,RIFLE
BulkUser_1263,63,-894.0,true,false,BulkCar_3,RAGE,292.0,2.0,MACHINE_GUN
BulkUser_1264,64,-893.5,false,true,BulkCar_4,CALM,229.0,64.0,BAT
BulkUser_1265,65,-893.0,true,false,BulkCar_5,SADNESS,293.0,2.0,HAMMER
BulkUser_1266,66,-892.5,false,false,BulkCar_6,RAGE,231.0,66.0,RIFLE
BulkUser_1267,67,-892.0,true,true,BulkCar_7,CALM,294.0,2.0,MACHINE_GUN
BulkUser_1268,68,-891.5,false,false,BulkCar_8,SADNESS,233.0,68.0,BAT
BulkUser_1269,69,-891.0,true,false,BulkCar_9,RAGE,295.0,2.0,HAMMER
BulkUser_1270,70,-890.5,false,true,BulkCar_10,CALM,235.0,70.0,RIFLE
BulkUser_1271,71,-890.0,true,false,BulkCar_11,SADNESS,296.0,2.0,MACHINE_GUN
BulkUser_1272,72,-889.5,false,false,BulkCar_12,RAGE,237.0,72.0,BAT
BulkUser_1273,73,-889.0,true,true,BulkCar_13,CALM,297.0,2.0,HAMMER
BulkUser_1274,74,-888.5,false,false,BulkCar_14,SADNESS,239.0,74.0,RIFLE
BulkUser_1275,75,-888.0,true,false,BulkCar_15,RAGE,298.0,2.0,MACHINE_GUN
BulkUser_1276,76,-887.5,false,true,BulkCar_16,CALM,241.0,76.0,BAT
BulkUser_1277,77,-887.0,true,false,BulkCar_17,SADNESS,299.0,2.0,HAMMER
BulkUser_1278,78,-886.5,false,false,BulkCar_18,RAGE,243.0,78.0,RIFLE
BulkUser_1279,79,-886.0,true,true,BulkCar_19,CALM,300.0,2.0,MACHINE_GUN
BulkUser_1280,80,-885.5,false,false,BulkCar_20,SADNESS,245.0,80.0,BAT
BulkUser_1281,81,-885.0,true,false,BulkCar_1,RAGE,301.0,2.0,HAMMER
BulkUser_1282,82,-884.5,false,true,BulkCar_2,CALM,247.0,82.0,RIFLE
BulkUser_1283,83,-884.0,true,false,BulkCar_3,SADNESS,302.0,2.0,MACHINE_GUN
BulkUser_1284,84,-883.5,false,false,BulkCar_4,RAGE,249.0,84.0,BAT
BulkUser_1285,85,-883.0,true,true,BulkCar_5,CALM,303.0,2.0,HAMMER
BulkUser_1286,86,-882.5,false,false,BulkCar_6,SADNESS,251.0,86.0,RIFLE
BulkUser_1287,87,-882.0,true,false,BulkCar_7,RAGE,304.0,2.0,MACHINE_GUN
BulkUser_1288,88,-881.5,false,true,BulkCar_8,CALM,253.0,88.0,BAT
BulkUser_1289,89,-881.0,true,false,BulkCar_9,SADNESS,305.0,2.0,HAMMER
BulkUser_1290,90,-880.5,false,false,BulkCar_10,RAGE,255.0,90.0,RIFLE
BulkUser_1291,91,-880.0,true,true,BulkCar_11,CALM,306.0,2.0,MACHINE_GUN
BulkUser_1292,92,-879.5,false,false,BulkCar_12,SADNESS,257.0,92.0,BAT
BulkUser_1293,93,-879.0,true,false,BulkCar_13,RAGE,307.0,2.0,HAMMER
BulkUser_1294,94,-878.5,false,true,BulkCar_14,CALM,259.0,94.0,RIFLE
BulkUser_1295,95,-878.0,true,false,BulkCar_15,SADNESS,308.0,2.0,MACHINE_GUN
BulkUser_1296,96,-877.5,false,false,BulkCar_16,RAGE,261.0,96.0,BAT
BulkUser_1297,97,-877.0,true,true,BulkCar_17,CALM,309.0,2.0,HAMMER
BulkUser_1298,98,-876.5,false,false,BulkCar_18,SADNESS,263.0,98.0,RIFLE
BulkUser_1299,99,-876.0,true,false,BulkCar_19,RAGE,310.0,2.0,MACHINE_GUN
BulkUser_1300,100,-875.5,false,true,BulkCar_20,CALM,265.0,100.0,BAT
BulkUser_1301,1,-900.0,true,false,BulkCar_1,SADNESS,311.0,2.0,HAMMER
BulkUser_1302,2,-899.5,false,false,BulkCar_2,RAGE,267.0,102.0,RIFLE
BulkUser_1303,3,-899.0,true,true,BulkCar_3,CALM,312.0,2.0,MACHINE_GUN
BulkUser_1304,4,-898.5,false,false,BulkCar_4,SADNESS,269.0,104.0,BAT
BulkUser_1305,5,-898.0,true,false,BulkCar_5,RAGE,313.0,2.0,HAMMER
BulkUser_1306,6,-897.5,false,true,BulkCar_6,CALM,271.0,106.0,RIFLE
BulkUser_1307,7,-897.0,true,false,BulkCar_7,SADNESS,314.0,2.0,MACHINE_GUN
BulkUser_1308,8,-896.5,false,false,BulkCar_8,RAGE,273.0,108.0,BAT
BulkUser_1309,9,-896.0,true,true,BulkCar_9,CALM,315.0,2.0,HAMMER
BulkUser_1310,10,-895.5,false,false,BulkCar_10,SADNESS,275.0,110.0,RIFLE
BulkUser_1311,11,-895.0,true,false,BulkCar_11,RAGE,316.0,2.0,MACHINE_GUN
BulkUser_1312,12,-894.5,false,true,BulkCar_12,CALM,277.0,112.0,BAT
BulkUser_1313,13,-894.0,true,false,BulkCar_13,SADNESS,317.0,2.0,HAMMER
BulkUser_1314,14,-893.5,false,false,BulkCar_14,RAGE,279.0,114.0,RIFLE
BulkUser_1315,15,-893.0,true,true,BulkCar_15,CALM,318.0,2.0,MACHINE_GUN
BulkUser_1316,16,-892.5,false,false,BulkCar_16,SADNESS,281.0,116.0,BAT
BulkUser_1317,17,-892.0,true,false,BulkCar_17,RAGE,319.0,2.0,HAMMER
BulkUser_1318,18,-891.5,false,true,BulkCar_18,CALM,283.0,118.0,RIFLE
BulkUser_1319,19,-891.0,true,false,BulkCar_19,SADNESS,320.0,2.0,MACHINE_GUN
BulkUser_1320,20,-890.5,false,false,BulkCar_20,RAGE,285.0,120.0,BAT
BulkUser_1321,21,-890.0,true,true,BulkCar_1,CALM,321.0,2.0,HAMMER
BulkUser_1322,22,-889.5,false,false,BulkCar_2,SADNESS,287.0,2.0,RIFLE
BulkUser_1323,23,-889.0,true,false,BulkCar_3,RAGE,322.0,2.0,MACHINE_GUN
BulkUser_1324,24,-888.5,false,true,BulkCar_4,CALM,289.0,4.0,BAT
BulkUser_1325,25,-888.0,true,false,BulkCar_5,SADNESS,323.0,2.0,HAMMER
BulkUser_1326,26,-887.5,false,false,BulkCar_6,RAGE,291.0,6.0,RIFLE
BulkUser_1327,27,-887.0,true,true,BulkCar_7,CALM,324.0,2.0,MACHINE_GUN
BulkUser_1328,28,-886.5,false,false,BulkCar_8,SADNESS,293.0,8.0,BAT
BulkUser_1329,29,-886.0,true,false,BulkCar_9,RAGE,325.0,2.0,HAMMER
BulkUser_1330,30,-885.5,false,true,BulkCar_10,CALM,295.0,10.0,RIFLE
BulkUser_1331,31,-885.0,true,false,BulkCar_11,SADNESS,326.0,2.0,MACHINE_GUN
BulkUser_1332,32,-884.5,false,false,BulkCar_12,RAGE,297.0,12.0,BAT
BulkUser_1333,33,-884.0,true,true,BulkCar_13,CALM,327.0,2.0,HAMMER
BulkUser_1334,34,-883.5,false,false,BulkCar_14,SADNESS,299.0,14.0,RIFLE
BulkUser_1335,35,-883.0,true,false,BulkCar_15,RAGE,328.0,2.0,MACHINE_GUN
BulkUser_1336,36,-882.5,false,true,BulkCar_16,CALM,301.0,16.0,BAT
BulkUser_1337,37,-882.0,true,false,BulkCar_17,SADNESS,329.0,2.0,HAMMER
BulkUser_1338,38,-881.5,false,false,BulkCar_18,RAGE,303.0,18.0,RIFLE
BulkUser_1339,39,-881.0,true,true,BulkCar_19,CALM,330.0,2.0,MACHINE_GUN
BulkUser_1340,40,-880.5,false,false,BulkCar_20,SADNESS,305.0,20.0,BAT
BulkUser_1341,41,-880.0,true,false,BulkCar_1,RAGE,331.0,2.0,HAMMER
BulkUser_1342,42,-879.5,false,true,BulkCar_2,CALM,307.0,22.0,RIFLE
BulkUser_1343,43,-879.0,true,false,BulkCar_3,SADNESS,332.0,2.0,MACHINE_GUN
BulkUser_1344,44,-878.5,false,false,BulkCar_4,RAGE,309.0,24.0,BAT
BulkUser_1345,45,-878.0,true,true,BulkCar_5,CALM,333.0,2.0,HAMMER
BulkUser_1346,46,-877.5,false,false,BulkCar_6,SADNESS,311.0,26.0,RIFLE
BulkUser_1347,47,-877.0,true,false,BulkCar_7,RAGE,334.0,2.0,MACHINE_GUN
BulkUser_1348,48,-876.5,false,true,BulkCar_8,CALM,313.0,28.0,BAT
BulkUser_1349,49,-876.0,true,false,BulkCar_9,SADNESS,335.0,2.0,HAMMER
BulkUser_1350,50,-875.5,false,false,BulkCar_10,RAGE,315.0,30.0,RIFLE
BulkUser_1351,51,-900.0,true,true,BulkCar_11,CALM,336.0,2.0,MACHINE_GUN
BulkUser_1352,52,-899.5,false,false,BulkCar_12,SADNESS,317.0,32.0,BAT
BulkUser_1353,53,-899.0,true,false,BulkCar_13,RAGE,337.0,2.0,HAMMER
BulkUser_1354,54,-898.5,false,true,BulkCar_14,CALM,319.0,34.0,RIFLE
BulkUser_1355,55,-898.0,true,false,BulkCar_15,SADNESS,338.0,2.0,MACHINE_GUN
BulkUser_1356,56,-897.5,false,false,BulkCar_16,RAGE,321.0,36.0,BAT
BulkUser_1357,57,-897.0,true,true,BulkCar_17,CALM,339.0,2.0,HAMMER
BulkUser_1358,58,-896.5,false,false,BulkCar_18,SADNESS,323.0,38.0,RIFLE
BulkUser_1359,59,-896.0,true,false,BulkCar_19,RAGE,340.0,2.0,MACHINE_GUN
BulkUser_1360,60,-895.5,false,true,BulkCar_20,CALM,325.0,40.0,BAT
BulkUser_1361,61,-895.0,true,false,BulkCar_1,SADNESS,1.0,3.0,HAMMER
BulkUser_1362,62,-894.5,false,false,BulkCar_2,RAGE,327.0,42.0,RIFLE
BulkUser_1363,63,-894.0,true,true,BulkCar_3,CALM,2.0,3.0,MACHINE_GUN
BulkUser_1364,64,-893.5,false,false,BulkCar_4,SADNESS,329.0,44.0,BAT
BulkUser_1365,65,-893.0,true,false,BulkCar_5,RAGE,3.0,3.0,HAMMER
BulkUser_1366,66,-892.5,false,true,BulkCar_6,CALM,331.0,46.0,RIFLE
BulkUser_1367,67,-892.0,true,false,BulkCar_7,SADNESS,4.0,3.0,MACHINE_GUN
BulkUser_1368,68,-891.5,false,false,BulkCar_8,RAGE,333.0,48.0,BAT
BulkUser_1369,69,-891.0,true,true,BulkCar_9,CALM,5.0,3.0,HAMMER
BulkUser_1370,70,-890.5,false,false,BulkCar_10,SADNESS,335.0,50.0,RIFLE
BulkUser_1371,71,-890.0,true,false,BulkCar_11,RAGE,6.0,3.0,MACHINE_GUN
BulkUser_1372,72,-889.5,false,true,BulkCar_12,CALM,337.0,52.0,BAT
BulkUser_1373,73,-889.0,true,false,BulkCar_13,SADNESS,7.0,3.0,HAMMER
BulkUser_1374,74,-888.5,false,false,BulkCar_14,RAGE,339.0,54.0,RIFLE
BulkUser_1375,75,-888.0,true,true,BulkCar_15,CALM,8.0,3.0,MACHINE_GUN
BulkUser_1376,76,-887.5,false,false,BulkCar_16,SADNESS,341.0,56.0,BAT
BulkUser_1377,77,-887.0,true,false,BulkCar_17,RAGE,9.0,3.0,HAMMER
BulkUser_1378,78,-886.5,false,true,BulkCar_18,CALM,343.0,58.0,RIFLE
BulkUser_1379,79,-886.0,true,false,BulkCar_19,SADNESS,10.0,3.0,MACHINE_GUN
BulkUser_1380,80,-885.5,false,false,BulkCar_20,RAGE,345.0,60.0,BAT
BulkUser_1381,81,-885.0,true,true,BulkCar_1,CALM,11.0,3.0,HAMMER
BulkUser_1382,82,-884.5,false,false,BulkCar_2,SADNESS,2.0,62.0,RIFLE
BulkUser_1383,83,-884.0,true,false,BulkCar_3,RAGE,12.0,3.0,MACHINE_GUN
BulkUser_1384,84,-883.5,false,true,BulkCar_4,CALM,4.0,64.0,BAT
BulkUser_1385,85,-883.0,true,false,BulkCar_5,SADNESS,13.0,3.0,HAMMER
BulkUser_1386,86,-882.5,false,false,BulkCar_6,RAGE,6.0,66.0,RIFLE
BulkUser_1387,87,-882.0,true,true,BulkCar_7,CALM,14.0,3.0,MACHINE_GUN
BulkUser_1388,88,-881.5,false,false,BulkCar_8,SADNESS,8.0,68.0,BAT
BulkUser_1389,89,-881.0,true,false,BulkCar_9,RAGE,15.0,3.0,HAMMER
BulkUser_1390,90,-880.5,false,true,BulkCar_10,CALM,10.0,70.0,RIFLE
BulkUser_1391,91,-880.0,true,false,BulkCar_11,SADNESS,16.0,3.0,MACHINE_GUN
BulkUser_1392,92,-879.5,false,false,BulkCar_12,RAGE,12.0,72.0,BAT
BulkUser_1393,93,-879.0,true,true,BulkCar_13,CALM,17.0,3.0,HAMMER
BulkUser_1394,94,-878.5,false,false,BulkCar_14,SADNESS,14.0,74.0,RIFLE
BulkUser_1395,95,-878.0,true,false,BulkCar_15,RAGE,18.0,3.0,MACHINE_GUN
BulkUser_1396,96,-877.5,false,true,BulkCar_16,CALM,16.0,76.0,BAT
BulkUser_1397,97,-877.0,true,false,BulkCar_17,SADNESS,19.0,3.0,HAMMER
BulkUser_1398,98,-876.5,false,false,BulkCar_18,RAGE,18.0,78.0,RIFLE
BulkUser_1399,99,-876.0,true,true,BulkCar_19,CALM,20.0,3.0,MACHINE_GUN
BulkUser_1400,100,-875.5,false,false,BulkCar_20,SADNESS,20.0,80.0,BAT
BulkUser_1401,1,-900.0,true,false,BulkCar_1,RAGE,21.0,3.0,HAMMER
BulkUser_1402,2,-899.5,false,true,BulkCar_2,CALM,22.0,82.0,RIFLE
BulkUser_1403,3,-899.0,true,false,BulkCar_3,SADNESS,22.0,3.0,MACHINE_GUN
BulkUser_1404,4,-898.5,false,false,BulkCar_4,RAGE,24.0,84.0,BAT
BulkUser_1405,5,-898.0,true,true,BulkCar_5,CALM,23.0,3.0,HAMMER
BulkUser_1406,6,-897.5,false,false,BulkCar_6,SADNESS,26.0,86.0,RIFLE
BulkUser_1407,7,-897.0,true,false,BulkCar_7,RAGE,24.0,3.0,MACHINE_GUN
BulkUser_1408,8,-896.5,false,true,BulkCar_8,CALM,28.0,88.0,BAT
BulkUser_1409,9,-896.0,true,false,BulkCar_9,SADNESS,25.0,3.0,HAMMER
BulkUser_1410,10,-895.5,false,false,BulkCar_10,RAGE,30.0,90.0,RIFLE
BulkUser_1411,11,-895.0,true,true,BulkCar_11,CALM,26.0,3.0,MACHINE_GUN
BulkUser_1412,12,-894.5,false,false,BulkCar_12,SADNESS,32.0,92.0,BAT
BulkUser_1413,13,-894.0,true,false,BulkCar_13,RAGE,27.0,3.0,HAMMER
BulkUser_1414,14,-893.5,false,true,BulkCar_14,CALM,34.0,94.0,RIFLE
BulkUser_1415,15,-893.0,true,false,BulkCar_15,SADNESS,28.0,3.0,MACHINE_GUN
BulkUser_1416,16,-892.5,false,false,BulkCar_16,RAGE,36.0,96.0,BAT
BulkUser_1417,17,-892.0,true,true,BulkCar_17,CALM,29.0,3.0,HAMMER
BulkUser_1418,18,-891.5,false,false,BulkCar_18,SADNESS,38.0,98.0,RIFLE
BulkUser_1419,19,-891.0,true,false,BulkCar_19,RAGE,30.0,3.0,MACHINE_GUN
BulkUser_1420,20,-890.5,false,true,BulkCar_20,CALM,40.0,100.0,BAT
BulkUser_1421,21,-890.0,true,false,BulkCar_1,SADNESS,31.0,3.0,HAMMER
BulkUser_1422,22,-889.5,false,false,BulkCar_2,RAGE,42.0,102.0,RIFLE
BulkUser_1423,23,-889.0,true,true,BulkCar_3,CALM,32.0,3.0,MACHINE_GUN
BulkUser_1424,24,-888.5,false,false,BulkCar_4,SADNESS,44.0,104.0,BAT
BulkUser_1425,25,-888.0,true,false,BulkCar_5,RAGE,33.0,3.0,HAMMER
BulkUser_1426,26,-887.5,false,true,BulkCar_6,CALM,46.0,106.0,RIFLE
BulkUser_1427,27,-887.0,true,false,BulkCar_7,SADNESS,34.0,3.0,MACHINE_GUN
BulkUser_1428,28,-886.5,false,false,BulkCar_8,RAGE,48.0,108.0,BAT
BulkUser_1429,29,-886.0,true,true,BulkCar_9,CALM,35.0,3.0,HAMMER
BulkUser_1430,30,-885.5,false,false,BulkCar_10,SADNESS,50.0,110.0,RIFLE
BulkUser_1431,31,-885.0,true,false,BulkCar_11,RAGE,36.0,3.0,MACHINE_GUN
BulkUser_1432,32,-884.5,false,true,BulkCar_12,CALM,52.0,112.0,BAT
BulkUser_1433,33,-884.0,true,false,BulkCar_13,SADNESS,37.0,3.0,HAMMER
BulkUser_1434,34,-883.5,false,false,BulkCar_14,RAGE,54.0,114.0,RIFLE
BulkUser_1435,35,-883.0,true,true,BulkCar_15,CALM,38.0,3.0,MACHINE_GUN
BulkUser_1436,36,-882.5,false,false,BulkCar_16,SADNESS,56.0,116.0,BAT
BulkUser_1437,37,-882.0,true,false,BulkCar_17,RAGE,39.0,3.0,HAMMER
BulkUser_1438,38,-881.5,false,true,BulkCar_18,CALM,58.0,118.0,RIFLE
BulkUser_1439,39,-881.0,true,false,BulkCar_19,SADNESS,40.0,3.0,MACHINE_GUN
BulkUser_1440,40,-880.5,false,false,BulkCar_20,RAGE,60.0,120.0,BAT
BulkUser_1441,41,-880.0,true,true,BulkCar_1,CALM,41.0,3.0,HAMMER
BulkUser_1442,42,-879.5,false,false,BulkCar_2,SADNESS,62.0,2.0,RIFLE
BulkUser_1443,43,-879.0,true,false,BulkCar_3,RAGE,42.0,3.0,MACHINE_GUN
BulkUser_1444,44,-878.5,false,true,BulkCar_4,CALM,64.0,4.0,BAT
BulkUser_1445,45,-878.0,true,false,BulkCar_5,SADNESS,43.0,3.0,HAMMER
BulkUser_1446,46,-877.5,false,false,BulkCar_6,RAGE,66.0,6.0,RIFLE
BulkUser_1447,47,-877.0,true,true,BulkCar_7,CALM,44.0,3.0,MACHINE_GUN
BulkUser_1448,48,-876.5,false,false,BulkCar_8,SADNESS,68.0,8.0,BAT
BulkUser_1449,49,-876.0,true,false,BulkCar_9,RAGE,45.0,3.0,HAMMER
BulkUser_1450,50,-875.5,false,true,BulkCar_10,CALM,70.0,10.0,RIFLE
BulkUser_1451,51,-900.0,true,false,BulkCar_11,SADNESS,46.0,3.0,MACHINE_GUN
BulkUser_1452,52,-899.5,false,false,BulkCar_12,RAGE,72.0,12.0,BAT
BulkUser_1453,53,-899.0,true,true,BulkCar_13,CALM,47.0,3.0,HAMMER
BulkUser_1454,54,-898.5,false,false,BulkCar_14,SADNESS,74.0,14.0,RIFLE
BulkUser_1455,55,-898.0,true,false,BulkCar_15,RAGE,48.0,3.0,MACHINE_GUN
BulkUser_1456,56,-897.5,false,true,BulkCar_16,CALM,76.0,16.0,BAT
BulkUser_1457,57,-897.0,true,false,BulkCar_17,SADNESS,49.0,3.0,HAMMER
BulkUser_1458,58,-896.5,false,false,BulkCar_18,RAGE,78.0,18.0,RIFLE
BulkUser_1459,59,-896.0,true,true,BulkCar_19,CALM,50.0,3.0,MACHINE_GUN
BulkUser_1460,60,-895.5,false,false,BulkCar_20,SADNESS,80.0,20.0,BAT
BulkUser_1461,61,-895.0,true,false,BulkCar_1,RAGE,51.0,3.0,HAMMER
BulkUser_1462,62,-894.5,false,true,BulkCar_2,CALM,82.0,22.0,RIFLE
BulkUser_1463,63,-894.0,true,false,BulkCar_3,SADNESS,52.0,3.0,MACHINE_GUN
BulkUser_1464,64,-893.5,false,false,BulkCar_4,RAGE,84.0,24.0,BAT
BulkUser_1465,65,-893.0,true,true,BulkCar_5,CALM,53.0,3.0,HAMMER
BulkUser_1466,66,-892.5,false,false,BulkCar_6,SADNESS,86.0,26.0,RIFLE
BulkUser_1467,67,-892.0,true,false,BulkCar_7,RAGE,54.0,3.0,MACHINE_GUN
BulkUser_1468,68,-891.5,false,true,BulkCar_8,CALM,88.0,28.0,BAT
BulkUser_1469,69,-891.0,true,false,BulkCar_9,SADNESS,55.0,3.0,HAMMER
BulkUser_1470,70,-890.5,false,false,BulkCar_10,RAGE,90.0,30.0,RIFLE
BulkUser_1471,71,-890.0,true,true,BulkCar_11,CALM,56.0,3.0,MACHINE_GUN
BulkUser_1472,72,-889.5,false,false,BulkCar_12,SADNESS,92.0,32.0,BAT
BulkUser_1473,73,-889.0,true,false,BulkCar_13,RAGE,57.0,3.0,HAMMER
BulkUser_1474,74,-888.5,false,true,BulkCar_14,CALM,94.0,34.0,RIFLE
BulkUser_1475,75,-888.0,true,false,BulkCar_15,SADNESS,58.0,3.0,MACHINE_GUN
BulkUser_1476,76,-887.5,false,false,BulkCar_16,RAGE,96.0,36.0,BAT
BulkUser_1477,77,-887.0,true,true,BulkCar_17,CALM,59.0,3.0,HAMMER
BulkUser_1478,78,-886.5,false,false,BulkCar_18,SADNESS,98.0,38.0,RIFLE
BulkUser_1479,79,-886.0,true,false,BulkCar_19,RAGE,60.0,3.0,MACHINE_GUN
BulkUser_1480,80,-885.5,false,true,BulkCar_20,CALM,100.0,40.0,BAT
BulkUser_1481,81,-885.0,true,false,BulkCar_1,SADNESS,61.0,3.0,HAMMER
BulkUser_1482,82,-884.5,false,false,BulkCar_2,RAGE,102.0,42.0,RIFLE
BulkUser_1483,83,-884.0,true,true,BulkCar_3,CALM,62.0,3.0,MACHINE_GUN
BulkUser_1484,84,-883.5,false,false,BulkCar_4,SADNESS,104.0,44.0,BAT
BulkUser_1485,85,-883.0,true,false,BulkCar_5,RAGE,63.0,3.0,HAMMER
BulkUser_1486,86,-882.5,false,true,BulkCar_6,CALM,106.0,46.0,RIFLE
BulkUser_1487,87,-882.0,true,false,BulkCar_7,SADNESS,64.0,3.0,MACHINE_GUN
BulkUser_1488,88,-881.5,false,false,BulkCar_8,RAGE,108.0,48.0,BAT
BulkUser_1489,89,-881.0,true,true,BulkCar_9,CALM,65.0,3.0,HAMMER
BulkUser_1490,90,-880.5,false,false,BulkCar_10,SADNESS,110.0,50.0,RIFLE
BulkUser_1491,91,-880.0,true,false,BulkCar_11,RAGE,66.0,3.0,MACHINE_GUN
BulkUser_1492,92,-879.5,false,true,BulkCar_12,CALM,112.0,52.0,BAT
BulkUser_1493,93,-879.0,true,false,BulkCar_13,SADNESS,67.0,3.0,HAMMER
BulkUser_1494,94,-878.5,false,false,BulkCar_14,RAGE,114.0,54.0,RIFLE
BulkUser_1495,95,-878.0,true,true,BulkCar_15,CALM,68.0,3.0,MACHINE_GUN
BulkUser_1496,96,-877.5,false,false,BulkCar_16,SADNESS,116.0,56.0,BAT
BulkUser_1497,97,-877.0,true,false,BulkCar_17,RAGE,69.0,3.0,HAMMER
BulkUser_1498,98,-876.5,false,true,BulkCar_18,CALM,118.0,58.0,RIFLE
BulkUser_1499,99,-876.0,true,false,BulkCar_19,SADNESS,70.0,3.0,MACHINE_GUN
BulkUser_1500,100,-875.5,false,false,BulkCar_20,RAGE,120.0,60.0,BAT
